,target_cardiovascular,target_metabolic,target_recovery,target_sleep,target_stress,target_fitness,target_autonomic,target_readiness
hr_reserve_bpm,0.3095286994411466,0.0003083901354433777,0.000557108531540932,0.0008326072894742398,8.928146994610967e-05,0.000157133100609869,0.00014787780006048098,0.0011649866305620785
bp_systolic_mmHg,0.1634770219372347,0.00023111525164677116,0.0002790781155450974,0.0007601577325299992,6.569722512791172e-05,9.760759655319415e-05,0.0001000429888132512,0.0002882522048122147
resting_hr_bpm,0.09757880610125322,0.00012817962325556976,0.03770830739102896,0.0005069748437440094,4.4971019879615505e-05,6.260684140787944e-05,7.772768354796019e-05,0.0012577229137219132
vo2max_ml_kg_min,0.08663468585360094,0.00028423415929263335,0.00025103087935993406,0.00048292096230959216,6.396853890080195e-05,0.02824889841249017,0.00010128734905033588,0.0002647576753718151
irregular_rhythm_alert,0.07979289784446236,3.890753814800404e-06,9.690888646088339e-06,2.919607450526342e-05,1.92937591747852e-06,2.4970141187085284e-06,0.0064612751402191165,8.920501580073063e-06
irregular_rhythm_events_30d,0.06999404589598703,1.3056656039609235e-05,2.597821874200976e-05,0.0001492075059559199,3.843527229034459e-06,7.2307248577781555e-06,0.011362583136499535,2.1378916828908644e-05
irregular_rhythm_events_7d,0.06737285878523111,1.4097153710388504e-05,2.7417577178881778e-05,0.00011284532811620682,3.0790107184907707e-06,3.315498706204654e-06,0.006229217363791532,1.601750418527163e-05
vo2max_30d_avg,0.03472042917957648,0.0003056741253483325,0.00023338698325907814,0.0005243905155462197,5.8225166925966816e-05,0.020334423722337416,0.00010020589503060519,0.00024131782639166122
rhr_7d_avg,0.027116567339931362,0.00015186650142209884,0.017440705084884968,0.0008520683865009384,5.609759008314185e-05,9.595697541191172e-05,0.00010930277987359092,0.0016162467968356725
map_mmHg,0.023389086404497217,0.00021917124537994737,0.00033620463515301335,0.0008437894282683866,6.07836215898385e-05,8.985159598967072e-05,0.00011350732036927749,0.0002385267675008075
rhr_30d_avg,0.012654212763698741,0.00013243994633307916,0.005888401348713396,0.0007918096641428831,6.14789073152679e-05,7.93631991775251e-05,0.00012946196031141043,0.001504317977039471
vo2max_90d_ago,0.008372212405994367,0.00034809962638045325,0.00025659704677377594,0.0006783002032921877,6.703426313055777e-05,0.009322840978192687,0.0001214955973465121,0.00026571347503846483
rhr_90d_ago,0.002827138614485346,0.00017963462560912063,0.002557453454422458,0.0007517162868272711,6.0145461965081824e-05,9.836152801149704e-05,0.00014473890027059063,0.0014024638222671067
avg_hr_bpm,0.0012590527410135462,0.00017849213026163523,0.0008177461352954738,0.0008731736010913229,6.29058301611175e-05,9.868793865609092e-05,0.0001171890560372351,0.0005115784075106559
bp_diastolic_mmHg,0.0007730168135656201,0.00018050484563439593,0.00029486680316852113,0.0008601972227996321,6.352404568518052e-05,0.00010279882424633298,0.00010814888402869512,0.0002320238264648371
pulse_pressure_mmHg,0.0005957264881651805,0.00031734522736675424,0.0003326476947043598,0.0009040374165979893,7.927732868238428e-05,0.00012430599189311876,0.00015582963416842883,0.00031557283286302943
body_fat_pct,0.0005624951557340473,0.2911345250208329,0.0005342545372876047,0.001204139948253799,0.00010219125752082091,0.00017020854798026854,0.0002683853944216275,0.0004233196670347705
height_cm,0.0004303366785667369,0.0003152737273082227,0.0005598561810064814,0.00160068693220527,0.00011781682658368058,0.0001771402536464617,0.00022693661695063864,0.0004351958991782044
hrv_trend_per_week,0.0004196531573407036,0.00043818462425631693,0.000538756208342683,0.001505256473531874,0.00011536969331907672,0.00016940542402993624,0.00027671996848047613,0.0004999024853082958
rhr_trend_per_week,0.0004064620711467205,0.00034445151838749,0.0006227666493974774,0.0012788173178419418,0.00011993784635570134,0.000152148497730899,0.0002287309381661008,0.0005306214874971298
breathing_disturbances_per_hr,0.0003801595302893163,0.0003018905791135144,0.00045916976545617544,0.001395393596121723,0.00010879742604442814,0.0001387684871380506,0.00021328435043036309,0.00042510879876554665
caffeine_mg_per_day,0.00035104907411685,0.00039096906796751493,0.0005026850076595579,0.00146232161028852,0.0001247344049457647,0.00015198854968330905,0.0002208197789555679,0.000512295198218823
deep_sleep_pct,0.0003474862820497914,0.0003634803207555051,0.00043349903655705627,0.001646481128396848,9.548211120113529e-05,0.00014083626629705847,0.0001764746479616773,0.0021225315700897068
steps_trend_per_week,0.0003432178657138638,0.0003873447692391472,0.0006518890188569838,0.0018000775646782965,0.0001362189626228917,0.00018975713149658094,0.00025681397680308524,0.0005863570270510707
sedentary_hours_per_day,0.0003419896401731116,0.0004057578759240022,0.0005060970998852102,0.001326038120513332,0.0001201509306013642,0.01343791751200292,0.0002559040766077885,0.000481829596206255
weekly_workout_minutes,0.00034099487582700316,0.00023386420702474077,0.00037131444180732264,0.001071118908997375,6.741674839366099e-05,0.0004547302857329071,0.0001412319215200445,0.00030478593975032044
resp_trend_per_week,0.0003375790682423399,0.0002500088697219883,0.0004341161290329911,0.0011761907568753358,9.985808714284653e-05,0.00011205792369919442,0.00013577885496811242,0.0003996026945904621
rem_sleep_pct,0.0003203265862996632,0.0003351782766559379,0.0004830160767299276,0.001300868458581962,0.00012351693791687362,0.00017868734232824444,0.00019460064122072884,0.0010238447311820005
daily_water_intake_l,0.0002999815166779492,0.000312238801059078,0.0004826074029747527,0.0015547976993612212,0.0001054089074412277,0.00012612395998656668,0.00020372854431429727,0.0003492828430211017
skin_temp_trend_per_week,0.00029327583836711094,0.00030894831851072357,0.0005572468121141543,0.0013932366431177398,0.00011520206400075755,0.00018650869294695012,0.00024610131907782144,0.0004982763645438035
vo2max_trend_per_week,0.0002907887590568164,0.00029613415306776016,0.0005084233548974255,0.0013248181504276367,0.00012036210697534667,0.00014825949438269868,0.00021929590933276067,0.0003824935146399307
perceived_stress_score,0.00027457312201960575,0.00031870931691202193,0.0004735501891657606,0.001355614968756027,0.9458285416832772,0.0001362815466743966,0.11018191411911772,0.6600867710969806
weight_kg,0.0002726988776313696,0.0004498112326314888,0.00037821650548151977,0.001154679216795764,9.261418885645882e-05,0.00010864793203712336,0.00015813672281676891,0.00034214162267762763
training_load_30d_avg,0.00027158795298160785,0.00017373939120872068,0.0002111789467997438,0.000571911570951405,4.1484315886961125e-05,0.0033114662614155267,9.676515515703856e-05,0.00017264507867696923
steps_90d_ago,0.00025426469786409304,0.0001596486753063793,0.0002644989422011307,0.0005674783106169754,4.6487195767645344e-05,0.0003528594269916072,9.412363904434257e-05,0.00023086191689615572
spo2_pct,0.0002519093668056365,0.0003447312953774504,0.0005101119906930231,0.0013333632035358546,0.00010976025016453578,0.00014774372127393558,0.00018715044605920365,0.0004613722649119419
waist_circ_cm,0.00024926821301824787,0.0181726073621894,0.0003955112834600818,0.0012091815997783502,9.93350777149839e-05,0.00010876244663456027,0.00016231635963137435,0.00036194574100115753
hrv_rmssd_ms,0.0002464725510177061,0.0002551227988985846,0.6805238614093243,0.001047875792888406,0.028050083712826194,0.00012229266678237319,0.8557270270580292,0.19680627552596916
hrv_30d_avg,0.00024633722537527824,0.00022212200554367386,0.0008320032989904716,0.0009198553584284278,0.0008218935418042372,9.638410125088301e-05,0.00026841471264970853,0.0016072425334886266
exercise_hr_bpm,0.00024485209168003454,0.0004165002375911261,0.00021891865882760295,0.0006245880929802622,6.642793028790088e-05,0.00013621488238604307,0.00011039745264514342,0.00025066672043276355
skin_temp_90d_ago,0.00023710016650824514,0.00027791292750316764,0.00044728114710694767,0.001010118665794444,7.703316929298425e-05,0.00010890515366216915,0.00016119120422782439,0.0003187889692412291
hrv_90d_ago,0.00023588591371312818,0.00028458057769103877,0.0006518791380123522,0.0011020111428820714,0.0002965171414684271,0.00010925201119961661,0.00019583344002120696,0.0006603282081397787
bmi,0.0002318757926099929,0.6749488390500709,0.00047432944120382435,0.0011382141515864212,9.110575283416723e-05,0.00010986710516475635,0.00018367110688929052,0.0003642330671288121
hrv_7d_avg,0.00023014484996141955,0.00023758263199024114,0.0034796999500230756,0.0008740169843948581,0.003227527588178145,9.688786953630634e-05,0.0004643704506238982,0.004766202052711582
sleep_90d_ago,0.00022372338619694047,0.00020301655092278798,0.0005830754970889366,0.0015153823451279586,0.0003650565010958417,9.722766850126782e-05,0.00012080658430113499,0.0006000764227735219
sleep_trend_per_week,0.00022320586687320934,0.000252434513833681,0.0003774516961407283,0.0009572018263488928,8.809562235960014e-05,0.00010655048246723621,0.00015715847976253492,0.00034962594777136004
steps_7d_avg,0.00021102912639463673,0.0001243225070651734,0.00014632058367647005,0.0004107919534924091,2.9979252126405147e-05,0.000754385543777968,6.726617081809737e-05,0.00013411401071762138
sleep_duration_h,0.0002052592921337538,0.00021857479790619307,0.2277680685109714,0.2387829918142221,0.01376793064877134,9.617504204542516e-05,0.00011265479954213455,0.09392386130036795
steps_per_day,0.00019828725477570147,0.0001176034973359669,0.000176301108070186,0.0005091904956437972,2.991270341538845e-05,0.0034257228596804275,6.21412988093542e-05,0.00014428427979192347
steps_30d_avg,0.00019138470394358033,0.00014923108059962313,0.00020777585146165175,0.0004673627393903275,3.572828042451465e-05,0.0004995595833660719,7.393254304599803e-05,0.00016003410277303634
sleep_30d_avg,0.00019064045014749467,0.00020477808011723438,0.0006794558256742834,0.0034333291236423743,0.0008001578181293891,7.364364220052949e-05,0.00010936222513323652,0.0012219053952133136
skin_temp_7d_avg,0.00018973098890912377,0.00018678957583720288,0.00025796463974247293,0.000789457131225736,6.231628774762731e-05,9.384041432507762e-05,0.00012387466659537444,0.000249883771665244
skin_temp_30d_avg,0.00018586486193588185,0.0002365556322835626,0.00031957591788564965,0.0008988111442587759,6.149209730174901e-05,8.311639589220454e-05,0.00011984415009674075,0.0002732214968430268
zone_low_min_per_week,0.0001837535476092097,8.93508126658692e-05,0.00012616191902247955,0.00036676253567357534,2.6951240647117664e-05,0.015888217707579422,6.103495665053672e-05,0.00010719677586180454
sleep_7d_avg,0.00018190071110368242,0.00018989793827850731,0.0018946873906683162,0.03233944444828823,0.0024812322914028627,9.586325425428791e-05,9.797994962392361e-05,0.006081657550984137
alcohol_units_per_week,0.00017934372050941932,0.0001592078792246881,0.0002957017191622487,0.0006136331472116951,4.829643886552756e-05,6.993025198002948e-05,7.392375745854322e-05,0.00018204506734610616
resp_90d_ago,0.0001791896822680499,0.00021332421995297357,0.0003079784772248501,0.0008882943104464684,6.567067065043686e-05,9.708994470818704e-05,0.0001254911111801675,0.0002657511394586466
skin_temp_c,0.000178105133045824,0.0001960960820175392,0.000272704030937508,0.0006163902966886965,5.0847709134663706e-05,7.695121144003713e-05,0.00010787570413594206,0.00021307416675324698
sleep_consistency_score,0.0001729060890770313,0.00020815122561266888,0.00024817564465618596,0.10317235887553423,5.473763142214145e-05,7.571442568823184e-05,9.874760246610254e-05,0.0006623110720107304
light_sleep_pct,0.0001704068162125292,0.00016372336468400725,0.00022238635817270342,0.3718169924228559,5.774854243513292e-05,7.885277610247985e-05,9.53727274529577e-05,0.003635266748350032
age_years,0.0001696367446735077,0.0002829383263005924,0.00015449541606905862,0.0004077704983542686,5.427164019246755e-05,7.945287007031892e-05,6.577727052898961e-05,0.0001783829238242612
max_hr_bpm,0.00016607284220841872,0.00022755868370569562,0.00014009255165271827,0.00041974255214867977,4.794354684740143e-05,6.907771561816193e-05,6.905052432287166e-05,0.00021085554802962822
resp_30d_avg,0.00016468865990312966,0.0001726783087847817,0.00021925263279080038,0.0006847443528433799,4.7669536716899644e-05,8.113985349552138e-05,0.0001105678087751818,0.00019837897299049474
resp_7d_avg,0.00016015770518133928,0.00017980774208443433,0.00026505293583040617,0.0007485344024110208,6.009123582098399e-05,8.112866139902017e-05,9.245851735240415e-05,0.0002292201039981798
respiratory_rate_brpm,0.00015765327110127254,0.0001689905019257783,0.0002147583357689749,0.0005967118186918954,4.842775134874171e-05,6.543064694625178e-05,9.733767783297513e-05,0.0002151386752293398
restorative_sleep_pct,0.0001445972590159277,0.00016381427490867517,0.00023752438359283065,0.19108324769258675,5.73627425779858e-05,7.685499768464499e-05,9.79482836589212e-05,0.003651048565330931
strength_sessions_per_week,0.0001434690241504055,8.112334315009635e-05,0.0001337247916391807,0.00036984280620547765,3.123415079126331e-05,0.00012929753964178797,5.766283480111089e-05,0.00013460213714423352
awakenings_per_night,0.00012535354904674752,0.00013868686167395626,0.00019507585490399808,0.0017038610489052647,4.941895061226924e-05,5.874148688875903e-05,7.202693145934572e-05,0.0013596074773928458
workout_days_per_week,0.0001207228583176764,8.167238011332645e-05,0.00011334800345875966,0.000284112676803816,2.1498889104594025e-05,0.03858047206813829,5.657337821985952e-05,9.223549588799832e-05
diet_type,0.00012030486545274833,7.886305272891262e-05,0.0001358628324293535,0.0004164970678316974,3.645506513835734e-05,5.497829497426822e-05,6.065088956799953e-05,0.00011721098858518126
cardio_sessions_per_week,0.00011565730624624917,8.898893284740107e-05,0.00018562538996562855,0.00037990079893956996,3.4236117969034676e-05,7.96528796988357e-05,4.5163424199987055e-05,0.00012456221645990219
training_load_7d_avg,0.00010357779917298559,4.8956110201772915e-05,0.00010771946581659298,0.00022375860030307822,1.844128742250894e-05,0.5643113635448967,3.7257796820691554e-05,0.00011829703607413807
zone_moderate_min_per_week,9.635705571378532e-05,4.564146386348947e-05,6.563351284471404e-05,0.00013039877135097042,1.568000985419049e-05,0.02496891225408544,2.899355208775915e-05,6.47102872966642e-05
zone_high_min_per_week,8.647372061849616e-05,5.1279408085315473e-05,6.620195731451802e-05,0.00019300638257323577,1.6959431218283125e-05,0.2365487936200773,2.218136797803471e-05,8.227387036098279e-05
active_minutes_per_day,8.442496244581317e-05,5.10773063682064e-05,6.643691615070316e-05,0.00015248810872868168,1.6051149395578983e-05,0.03331056575279087,2.3165336494768677e-05,5.9632480672331854e-05
processed_food_frequency,8.421173237691486e-05,6.775812612552053e-05,0.00014897167593801457,0.0003353911339297687,2.9432685583731508e-05,4.2335285459920134e-05,4.899398164600388e-05,0.00010915175016056083
smoking_status,5.515730850392708e-05,5.233866303078914e-05,8.294261256515876e-05,0.00022093858969570037,1.574903858879968e-05,2.462079444265709e-05,2.5580699315305587e-05,6.384517937936776e-05
sex_phys,1.8823874127902676e-05,1.393865111429682e-05,2.386094701120419e-05,7.022846455145996e-05,6.026818027879045e-06,1.31438119981758e-05,8.516585532432669e-06,1.721179215697646e-05
ecg_rhythm,1.870229997452884e-05,1.4480464971354185e-05,3.6275201988932634e-05,9.788479281001188e-05,3.377974175814421e-06,5.2132809330093325e-06,0.0005366161167902715,1.4604556036809701e-05
