Feature_1,Feature_2,Correlation,Abs_Correlation
light_sleep_pct,restorative_sleep_pct,-1.0,1.0
active_minutes_per_day,zone_moderate_min_per_week,1.0,1.0
age_years,max_hr_bpm,-1.0,1.0
irregular_rhythm_events_7d,irregular_rhythm_events_30d,0.9999822180909304,0.9999822180909304
irregular_rhythm_alert,irregular_rhythm_events_7d,0.9989391119108948,0.9989391119108948
irregular_rhythm_alert,irregular_rhythm_events_30d,0.998926447002175,0.998926447002175
zone_moderate_min_per_week,training_load_7d_avg,0.9981993305701501,0.9981993305701501
active_minutes_per_day,training_load_7d_avg,0.9981993305701501,0.9981993305701501
vo2max_ml_kg_min,vo2max_30d_avg,0.9972243650253235,0.9972243650253235
zone_high_min_per_week,training_load_7d_avg,0.9937175910348907,0.9937175910348907
steps_7d_avg,steps_30d_avg,0.9932805242291609,0.9932805242291609
steps_per_day,steps_7d_avg,0.9931516109582189,0.9931516109582189
active_minutes_per_day,zone_low_min_per_week,0.9920752507311892,0.9920752507311892
zone_low_min_per_week,zone_moderate_min_per_week,0.9920752507311892,0.9920752507311892
skin_temp_c,skin_temp_7d_avg,0.9917032787020972,0.9917032787020972
vo2max_30d_avg,vo2max_90d_ago,0.9889971456261045,0.9889971456261045
respiratory_rate_brpm,resp_7d_avg,0.9876905179548197,0.9876905179548197
respiratory_rate_brpm,resp_30d_avg,0.9876778724899498,0.9876778724899498
training_load_7d_avg,training_load_30d_avg,0.9864685431787837,0.9864685431787837
vo2max_ml_kg_min,vo2max_90d_ago,0.9864007798399285,0.9864007798399285
steps_per_day,steps_30d_avg,0.9863530130823972,0.9863530130823972
active_minutes_per_day,zone_high_min_per_week,0.9860902170633186,0.9860902170633186
zone_moderate_min_per_week,zone_high_min_per_week,0.9860902170633186,0.9860902170633186
zone_moderate_min_per_week,training_load_30d_avg,0.9846744054400556,0.9846744054400556
active_minutes_per_day,training_load_30d_avg,0.9846744054400556,0.9846744054400556
steps_30d_avg,steps_90d_ago,0.9831886063403457,0.9831886063403457
zone_low_min_per_week,training_load_7d_avg,0.9830114766507523,0.9830114766507523
steps_per_day,active_minutes_per_day,0.9809990547094869,0.9809990547094869
steps_per_day,zone_moderate_min_per_week,0.9809990547094869,0.9809990547094869
zone_high_min_per_week,training_load_30d_avg,0.9800599008101843,0.9800599008101843
