Feature,VIF
restorative_sleep_pct,inf
max_hr_bpm,inf
age_years,inf
light_sleep_pct,inf
hrv_30d_avg,55678404.34
vo2max_30d_avg,5511107.36
skin_temp_90d_ago,3474862.51
skin_temp_30d_avg,2975902.83
hrv_trend_per_week,2914762.2
steps_30d_avg,939591.54
vo2max_90d_ago,576678.7
resp_90d_ago,508873.85
resp_30d_avg,481792.36
skin_temp_trend_per_week,466426.97
steps_trend_per_week,263064.07
vo2max_trend_per_week,119274.37
steps_90d_ago,52132.12
zone_low_min_per_week,35868.4
zone_moderate_min_per_week,34101.41
resp_trend_per_week,28310.66
hrv_90d_ago,23022.21
zone_high_min_per_week,5305.31
avg_hr_bpm,424.39
resting_hr_bpm,296.89
vo2max_ml_kg_min,196.15
weight_kg,111.06
bmi,107.19
steps_per_day,97.3
awakenings_per_night,73.62
height_cm,43.92
training_load_30d_avg,33.91
skin_temp_7d_avg,18.89
hrv_rmssd_ms,13.23
waist_circ_cm,11.94
body_fat_pct,11.5
sex_phys,10.82
rhr_90d_ago,9.92
weekly_workout_minutes,9.1
breathing_disturbances_per_hr,6.92
sleep_7d_avg,5.64
sleep_90d_ago,5.61
strength_sessions_per_week,4.98
deep_sleep_pct,2.89
cardio_sessions_per_week,2.79
perceived_stress_score,1.57
rhr_trend_per_week,1.5
smoking_status,1.48
spo2_pct,1.04
irregular_rhythm_events_7d,1.02
daily_water_intake_l,1.01
